path,Cause_en,Cause_mm,Level_1,Level_2,value,Lower_bound,Upper_bound
"r|Communicable, maternal, neonatal, and nutritional diseases|Diarrhea, lower respiratory, and other common infectious diseases|ဝမ်းရောဂါ ",Diarrheal diseases,ဝမ်းရောဂါ ,"Communicable, maternal, neonatal, and nutritional diseases","Diarrhea, lower respiratory, and other common infectious diseases",0.01675211,0.01373429878,0.02098347748
"r|Communicable, maternal, neonatal, and nutritional diseases|Diarrhea, lower respiratory, and other common infectious diseases|Diphtheria",Diphtheria,,"Communicable, maternal, neonatal, and nutritional diseases","Diarrhea, lower respiratory, and other common infectious diseases",0.00000812,0.000002594862237,0.00001892808063
"r|Communicable, maternal, neonatal, and nutritional diseases|Diarrhea, lower respiratory, and other common infectious diseases|ဦးနှောက်ရောင်ရောဂါ",Encephalitis,ဦးနှောက်ရောင်ရောဂါ,"Communicable, maternal, neonatal, and nutritional diseases","Diarrhea, lower respiratory, and other common infectious diseases",0.00325670,0.002467852346,0.00440241934
"r|Communicable, maternal, neonatal, and nutritional diseases|Diarrhea, lower respiratory, and other common infectious diseases|အူစိုင်ရာ ကူးစက်ရောဂါ",Intestinal infectious diseases,အူစိုင်ရာ ကူးစက်ရောဂါ,"Communicable, maternal, neonatal, and nutritional diseases","Diarrhea, lower respiratory, and other common infectious diseases",0.00831785,0.00448062108,0.01417426605
"r|Communicable, maternal, neonatal, and nutritional diseases|Diarrhea, lower respiratory, and other common infectious diseases|သက်ရှူလမ်းကြောင်းအောက်ပိုင်း ပိုးဝင်ဖျားနာခြင်း",Lower respiratory infections,သက်ရှူလမ်းကြောင်းအောက်ပိုင်း ပိုးဝင်ဖျားနာခြင်း,"Communicable, maternal, neonatal, and nutritional diseases","Diarrhea, lower respiratory, and other common infectious diseases",0.05281981,0.04174486545,0.06850541969
"r|Communicable, maternal, neonatal, and nutritional diseases|Diarrhea, lower respiratory, and other common infectious diseases|Measles",Measles,,"Communicable, maternal, neonatal, and nutritional diseases","Diarrhea, lower respiratory, and other common infectious diseases",0.00066891,0.0001853214324,0.001689143477
"r|Communicable, maternal, neonatal, and nutritional diseases|Diarrhea, lower respiratory, and other common infectious diseases|ဦးနှောက်အမြှေးရောင် ရောဂါ",Meningitis,ဦးနှောက်အမြှေးရောင် ရောဂါ,"Communicable, maternal, neonatal, and nutritional diseases","Diarrhea, lower respiratory, and other common infectious diseases",0.00707147,0.004993429983,0.01039161102
"r|Communicable, maternal, neonatal, and nutritional diseases|Diarrhea, lower respiratory, and other common infectious diseases|Otitis media",Otitis media,,"Communicable, maternal, neonatal, and nutritional diseases","Diarrhea, lower respiratory, and other common infectious diseases",0.00147620,0.0009776206188,0.002170084263
"r|Communicable, maternal, neonatal, and nutritional diseases|Diarrhea, lower respiratory, and other common infectious diseases|Tetanus",Tetanus,,"Communicable, maternal, neonatal, and nutritional diseases","Diarrhea, lower respiratory, and other common infectious diseases",0.00042441,0.0001637320907,0.001069435048
"r|Communicable, maternal, neonatal, and nutritional diseases|Diarrhea, lower respiratory, and other common infectious diseases|Upper respiratory infections",Upper respiratory infections,,"Communicable, maternal, neonatal, and nutritional diseases","Diarrhea, lower respiratory, and other common infectious diseases",0.00109888,0.0006499225703,0.001831925111
"r|Communicable, maternal, neonatal, and nutritional diseases|Diarrhea, lower respiratory, and other common infectious diseases|Varicella and herpes zoster",Varicella and herpes zoster,,"Communicable, maternal, neonatal, and nutritional diseases","Diarrhea, lower respiratory, and other common infectious diseases",0.00016908,0.0001077078688,0.0002547102804
"r|Communicable, maternal, neonatal, and nutritional diseases|Diarrhea, lower respiratory, and other common infectious diseases|Whooping cough",Whooping cough,,"Communicable, maternal, neonatal, and nutritional diseases","Diarrhea, lower respiratory, and other common infectious diseases",0.00049137,0.000009486611938,0.002592348626
"r|Communicable, maternal, neonatal, and nutritional diseases|HIV/AIDS and tuberculosis|အေအိုင်ဒီအက်စ်",HIV/AIDS,အေအိုင်ဒီအက်စ်,"Communicable, maternal, neonatal, and nutritional diseases",HIV/AIDS and tuberculosis,0.02117400,0.004243413491,0.08958473422
"r|Communicable, maternal, neonatal, and nutritional diseases|HIV/AIDS and tuberculosis|တီဘီရောဂါ",Tuberculosis,တီဘီရောဂါ,"Communicable, maternal, neonatal, and nutritional diseases",HIV/AIDS and tuberculosis,0.03621266,0.02514377976,0.04795937292
"r|Communicable, maternal, neonatal, and nutritional diseases|Maternal disorders|Indirect maternal deaths",Indirect maternal deaths,,"Communicable, maternal, neonatal, and nutritional diseases",Maternal disorders,0.00047658,0.0002589129017,0.0008106342028
"r|Communicable, maternal, neonatal, and nutritional diseases|Maternal disorders|Late maternal deaths",Late maternal deaths,,"Communicable, maternal, neonatal, and nutritional diseases",Maternal disorders,0.00005712,0.00002543069086,0.0001194741185
"r|Communicable, maternal, neonatal, and nutritional diseases|Maternal disorders|ကိုယ်ဝန်ဖျက်","Maternal abortion, miscarriage, and ectopic pregnancy",ကိုယ်ဝန်ဖျက်,"Communicable, maternal, neonatal, and nutritional diseases",Maternal disorders,0.00374930,0.00224377539,0.005904311711
"r|Communicable, maternal, neonatal, and nutritional diseases|Maternal disorders|Maternal deaths aggravated by HIV/AIDS",Maternal deaths aggravated by HIV/AIDS,,"Communicable, maternal, neonatal, and nutritional diseases",Maternal disorders,0.00001044,0.000001902841108,0.00003886791605
"r|Communicable, maternal, neonatal, and nutritional diseases|Maternal disorders|မီးဖွားပြီးသွေးသွန်ခြင်း",Maternal hemorrhage,မီးဖွားပြီးသွေးသွန်ခြင်း,"Communicable, maternal, neonatal, and nutritional diseases",Maternal disorders,0.00273348,0.00163329081,0.004224670329
"r|Communicable, maternal, neonatal, and nutritional diseases|Maternal disorders|Maternal hypertensive disorders",Maternal hypertensive disorders,,"Communicable, maternal, neonatal, and nutritional diseases",Maternal disorders,0.00110885,0.0006817590017,0.001719736149
"r|Communicable, maternal, neonatal, and nutritional diseases|Maternal disorders|Maternal obstructed labor and uterine rupture",Maternal obstructed labor and uterine rupture,,"Communicable, maternal, neonatal, and nutritional diseases",Maternal disorders,0.00015889,0.0000864686401,0.0002687334781
"r|Communicable, maternal, neonatal, and nutritional diseases|Maternal disorders|Maternal sepsis and other maternal infections",Maternal sepsis and other maternal infections,,"Communicable, maternal, neonatal, and nutritional diseases",Maternal disorders,0.00071494,0.0003674367971,0.001194443102
"r|Communicable, maternal, neonatal, and nutritional diseases|Maternal disorders|Other maternal disorders",Other maternal disorders,,"Communicable, maternal, neonatal, and nutritional diseases",Maternal disorders,0.00150214,0.000925720409,0.002380529119
"r|Communicable, maternal, neonatal, and nutritional diseases|Neglected tropical diseases and malaria|African trypanosomiasis",African trypanosomiasis,,"Communicable, maternal, neonatal, and nutritional diseases",Neglected tropical diseases and malaria,0.00000000,0,0
"r|Communicable, maternal, neonatal, and nutritional diseases|Neglected tropical diseases and malaria|Chagas disease",Chagas disease,,"Communicable, maternal, neonatal, and nutritional diseases",Neglected tropical diseases and malaria,0.00000000,0,0
"r|Communicable, maternal, neonatal, and nutritional diseases|Neglected tropical diseases and malaria|Cystic echinococcosis",Cystic echinococcosis,,"Communicable, maternal, neonatal, and nutritional diseases",Neglected tropical diseases and malaria,0.00005828,0.00004492682328,0.00007570774209
"r|Communicable, maternal, neonatal, and nutritional diseases|Neglected tropical diseases and malaria|Cysticercosis",Cysticercosis,,"Communicable, maternal, neonatal, and nutritional diseases",Neglected tropical diseases and malaria,0.00002126,0.0000147428684,0.00002973818022
"r|Communicable, maternal, neonatal, and nutritional diseases|Neglected tropical diseases and malaria|Dengue",Dengue,,"Communicable, maternal, neonatal, and nutritional diseases",Neglected tropical diseases and malaria,0.00165808,0.0008721940583,0.002794638483
"r|Communicable, maternal, neonatal, and nutritional diseases|Neglected tropical diseases and malaria|Ebola",Ebola,,"Communicable, maternal, neonatal, and nutritional diseases",Neglected tropical diseases and malaria,0.00000000,0,0
"r|Communicable, maternal, neonatal, and nutritional diseases|Neglected tropical diseases and malaria|Food-borne trematodiases",Food-borne trematodiases,,"Communicable, maternal, neonatal, and nutritional diseases",Neglected tropical diseases and malaria,0.00000000,0,0
"r|Communicable, maternal, neonatal, and nutritional diseases|Neglected tropical diseases and malaria|Intestinal nematode infections",Intestinal nematode infections,,"Communicable, maternal, neonatal, and nutritional diseases",Neglected tropical diseases and malaria,0.00172335,0.0008643604544,0.003048033447
"r|Communicable, maternal, neonatal, and nutritional diseases|Neglected tropical diseases and malaria|Leishmaniasis",Leishmaniasis,,"Communicable, maternal, neonatal, and nutritional diseases",Neglected tropical diseases and malaria,0.00000346,0.000001930467391,0.000006012183885
"r|Communicable, maternal, neonatal, and nutritional diseases|Neglected tropical diseases and malaria|Leprosy",Leprosy,,"Communicable, maternal, neonatal, and nutritional diseases",Neglected tropical diseases and malaria,0.00005526,0.00003593769113,0.00007925247323
"r|Communicable, maternal, neonatal, and nutritional diseases|Neglected tropical diseases and malaria|လင်ဖဲတစ် ဖီလရီအဲစစ်",Lymphatic filariasis,လင်ဖဲတစ် ဖီလရီအဲစစ်,"Communicable, maternal, neonatal, and nutritional diseases",Neglected tropical diseases and malaria,0.00212598,0.0008450543708,0.004585880775
"r|Communicable, maternal, neonatal, and nutritional diseases|Neglected tropical diseases and malaria|ငှက်ဖျားရောဂါ",Malaria,ငှက်ဖျားရောဂါ,"Communicable, maternal, neonatal, and nutritional diseases",Neglected tropical diseases and malaria,0.02147262,0.01574240516,0.028953349
"r|Communicable, maternal, neonatal, and nutritional diseases|Neglected tropical diseases and malaria|Onchocerciasis",Onchocerciasis,,"Communicable, maternal, neonatal, and nutritional diseases",Neglected tropical diseases and malaria,0.00000000,0,0
"r|Communicable, maternal, neonatal, and nutritional diseases|Neglected tropical diseases and malaria|Other neglected tropical diseases",Other neglected tropical diseases,,"Communicable, maternal, neonatal, and nutritional diseases",Neglected tropical diseases and malaria,0.00099813,0.0006906103775,0.001399652181
"r|Communicable, maternal, neonatal, and nutritional diseases|Neglected tropical diseases and malaria|Rabies",Rabies,,"Communicable, maternal, neonatal, and nutritional diseases",Neglected tropical diseases and malaria,0.00096992,0.0006018330691,0.001349722829
"r|Communicable, maternal, neonatal, and nutritional diseases|Neglected tropical diseases and malaria|Schistosomiasis",Schistosomiasis,,"Communicable, maternal, neonatal, and nutritional diseases",Neglected tropical diseases and malaria,0.00000000,0,0
"r|Communicable, maternal, neonatal, and nutritional diseases|Neglected tropical diseases and malaria|Trachoma",Trachoma,,"Communicable, maternal, neonatal, and nutritional diseases",Neglected tropical diseases and malaria,0.00023750,0.000151743547,0.0003519267258
"r|Communicable, maternal, neonatal, and nutritional diseases|Neglected tropical diseases and malaria|Yellow fever",Yellow fever,,"Communicable, maternal, neonatal, and nutritional diseases",Neglected tropical diseases and malaria,0.00000000,0,0
"r|Communicable, maternal, neonatal, and nutritional diseases|Neonatal disorders|Hemolytic disease and other neonatal jaundice",Hemolytic disease and other neonatal jaundice,,"Communicable, maternal, neonatal, and nutritional diseases",Neonatal disorders,0.00041111,0.0002720231566,0.000610609399
"r|Communicable, maternal, neonatal, and nutritional diseases|Neonatal disorders|မွေးကင်းစ ဦးနှောက် ဆိုင်ရာရောဂါ",Neonatal encephalopathy due to birth asphyxia and trauma,မွေးကင်းစ ဦးနှောက် ဆိုင်ရာရောဂါ,"Communicable, maternal, neonatal, and nutritional diseases",Neonatal disorders,0.02687130,0.01701998256,0.03985405237
"r|Communicable, maternal, neonatal, and nutritional diseases|Neonatal disorders|မွေးကင်းစ လမစဲ့မွေးဖွားခြင်းစိုင်ရာ ဆိုးကျိုး လက္ခဏာ",Neonatal preterm birth complications,မွေးကင်းစ လမစဲ့မွေးဖွားခြင်းစိုင်ရာ ဆိုးကျိုး လက္ခဏာ,"Communicable, maternal, neonatal, and nutritional diseases",Neonatal disorders,0.02382729,0.0151150178,0.03521101334
"r|Communicable, maternal, neonatal, and nutritional diseases|Neonatal disorders|မွေးကင်းစ သွေးဆိပ်တက်ခြင်း",Neonatal sepsis and other neonatal infections,မွေးကင်းစ သွေးဆိပ်တက်ခြင်း,"Communicable, maternal, neonatal, and nutritional diseases",Neonatal disorders,0.00572915,0.002092867885,0.01355647735
"r|Communicable, maternal, neonatal, and nutritional diseases|Neonatal disorders|အချား မွေးကင်းစရောဂါ",Other neonatal disorders,အချား မွေးကင်းစရောဂါ,"Communicable, maternal, neonatal, and nutritional diseases",Neonatal disorders,0.00602664,0.002453613225,0.01273078031
"r|Communicable, maternal, neonatal, and nutritional diseases|Nutritional deficiencies|Iodine deficiency",Iodine deficiency,,"Communicable, maternal, neonatal, and nutritional diseases",Nutritional deficiencies,0.00018251,0.0001142065482,0.0002858675975
"r|Communicable, maternal, neonatal, and nutritional diseases|Nutritional deficiencies|သံဒတ် ချို့တဲ့သွေးအားနည်းရောဂါ",Iron-deficiency anemia,သံဒတ် ချို့တဲ့သွေးအားနည်းရောဂါ,"Communicable, maternal, neonatal, and nutritional diseases",Nutritional deficiencies,0.01635343,0.01086522954,0.02375027069
"r|Communicable, maternal, neonatal, and nutritional diseases|Nutritional deficiencies|Other nutritional deficiencies",Other nutritional deficiencies,,"Communicable, maternal, neonatal, and nutritional diseases",Nutritional deficiencies,0.00030983,0.0001789046361,0.0004951051236
"r|Communicable, maternal, neonatal, and nutritional diseases|Nutritional deficiencies|Protein-energy malnutrition",Protein-energy malnutrition,,"Communicable, maternal, neonatal, and nutritional diseases",Nutritional deficiencies,0.00188271,0.001344887999,0.002664238934
"r|Communicable, maternal, neonatal, and nutritional diseases|Nutritional deficiencies|Vitamin A deficiency",Vitamin A deficiency,,"Communicable, maternal, neonatal, and nutritional diseases",Nutritional deficiencies,0.00005415,0.00002933463705,0.00008990077872
"r|Communicable, maternal, neonatal, and nutritional diseases|Other communicable, maternal, neonatal, and nutritional diseases|အသည်းရောင် အသားဝါ ရောဂါ",Hepatitis,အသည်းရောင် အသားဝါ ရောဂါ,"Communicable, maternal, neonatal, and nutritional diseases","Other communicable, maternal, neonatal, and nutritional diseases",0.00224271,0.001706566297,0.002827833627
"r|Communicable, maternal, neonatal, and nutritional diseases|Other communicable, maternal, neonatal, and nutritional diseases|Other infectious diseases",Other infectious diseases,,"Communicable, maternal, neonatal, and nutritional diseases","Other communicable, maternal, neonatal, and nutritional diseases",0.00074301,0.0005234864106,0.001047038138
"r|Communicable, maternal, neonatal, and nutritional diseases|Other communicable, maternal, neonatal, and nutritional diseases|Sexually transmitted diseases excluding HIV",Sexually transmitted diseases excluding HIV,,"Communicable, maternal, neonatal, and nutritional diseases","Other communicable, maternal, neonatal, and nutritional diseases",0.00185048,0.001179968099,0.002886845616
"r|Injuries|Forces of nature, war, and legal intervention|Collective violence and legal intervention",Collective violence and legal intervention,,Injuries,"Forces of nature, war, and legal intervention",0.00134947,0.0005660642951,0.002309503393
"r|Injuries|Forces of nature, war, and legal intervention|သဘာဝ အားမြား၏ဒဏ်ခံရခြင်း",Exposure to forces of nature,သဘာဝ အားမြား၏ဒဏ်ခံရခြင်း,Injuries,"Forces of nature, war, and legal intervention",0.00232395,0.000683897765,0.005178888675
r|Injuries|Self-harm and interpersonal violence|လူတစ်ဦးနှင့်တစ်ဦးချားကြန်းတန်းခြင်း,Interpersonal violence,လူတစ်ဦးနှင့်တစ်ဦးချားကြန်းတန်းခြင်း,Injuries,Self-harm and interpersonal violence,0.00394756,0.002735307803,0.005204067845
r|Injuries|Self-harm and interpersonal violence|မိမိကိုယ်အန္တရာယ် ပြူခြင်း,Self-harm,မိမိကိုယ်အန္တရာယ် ပြူခြင်း,Injuries,Self-harm and interpersonal violence,0.00628562,0.004163115121,0.0084633278
r|Injuries|Transport injuries|Other transport injuries,Other transport injuries,,Injuries,Transport injuries,0.00137787,0.000915945131,0.001972454196
r|Injuries|Transport injuries|လန်းသွားဒဏ်ရာ ဒဏ်ချက်,Road injuries,လန်းသွားဒဏ်ရာ ဒဏ်ချက်,Injuries,Transport injuries,0.02171308,0.01537884399,0.02680048483
r|Injuries|Unintentional injuries|ဆေးကုသမှု မှမကောင်းကျိုး,Adverse effects of medical treatment,ဆေးကုသမှု မှမကောင်းကျိုး,Injuries,Unintentional injuries,0.00377843,0.002643444917,0.00479086789
r|Injuries|Unintentional injuries|Animal contact,Animal contact,,Injuries,Unintentional injuries,0.00131018,0.0007806665934,0.001941948813
r|Injuries|Unintentional injuries|ရေနစ်ခြင်း,Drowning,ရေနစ်ခြင်း,Injuries,Unintentional injuries,0.00731056,0.005476517841,0.009948384726
r|Injuries|Unintentional injuries|Environmental heat and cold exposure,Environmental heat and cold exposure,,Injuries,Unintentional injuries,0.00090821,0.0006834077978,0.001158475663
r|Injuries|Unintentional injuries|အရာဝတ္ထုများကြောင့်ထိခိုက်ဒံရာရခြင်း,Exposure to mechanical forces,အရာဝတ္ထုများကြောင့်ထိခိုက်ဒံရာရခြင်း,Injuries,Unintentional injuries,0.00403241,0.003092361434,0.00519870775
r|Injuries|Unintentional injuries|လိမ့်ကျခြင်း,Falls,လိမ့်ကျခြင်း,Injuries,Unintentional injuries,0.01719656,0.01384468057,0.02042978349
r|Injuries|Unintentional injuries|မီးနှင့်အပူဓတ်,"Fire, heat, and hot substances",မီးနှင့်အပူဓတ်,Injuries,Unintentional injuries,0.00329953,0.001973902652,0.004330745103
r|Injuries|Unintentional injuries|ပြင်ပအရာဝတ္ထု,Foreign body,ပြင်ပအရာဝတ္ထု,Injuries,Unintentional injuries,0.00383565,0.00278668507,0.005330493034
r|Injuries|Unintentional injuries|အချား မတော်တဆဒဏ်ရာ ရခြင်း,Other unintentional injuries,အချား မတော်တဆဒဏ်ရာ ရခြင်း,Injuries,Unintentional injuries,0.00561784,0.004564278179,0.006825773536
r|Injuries|Unintentional injuries|Poisonings,Poisonings,,Injuries,Unintentional injuries,0.00191238,0.00123149339,0.002772986392
r|Non-communicable diseases|Cardiovascular diseases|Aortic aneurysm,Aortic aneurysm,,Non-communicable diseases,Cardiovascular diseases,0.00090383,0.000644642434,0.001154669356
r|Non-communicable diseases|Cardiovascular diseases|Atrial fibrillation and flutter,Atrial fibrillation and flutter,,Non-communicable diseases,Cardiovascular diseases,0.00126576,0.001038000268,0.001533755709
r|Non-communicable diseases|Cardiovascular diseases|နှလုံးကြွက်သားရောဂါ,Cardiomyopathy and myocarditis,နှလုံးကြွက်သားရောဂါ,Non-communicable diseases,Cardiovascular diseases,0.00362345,0.002663636575,0.004599008947
r|Non-communicable diseases|Cardiovascular diseases|လေဖြတ်ရောဂါ ,Cerebrovascular disease,လေဖြတ်ရောဂါ ,Non-communicable diseases,Cardiovascular diseases,0.06147195,0.04804076839,0.07310075377
r|Non-communicable diseases|Cardiovascular diseases|Endocarditis,Endocarditis,,Non-communicable diseases,Cardiovascular diseases,0.00196221,0.001376052807,0.002673250306
r|Non-communicable diseases|Cardiovascular diseases|သွေးတိုးရောဂါ,Hypertensive heart disease,သွေးတိုးရောဂါ,Non-communicable diseases,Cardiovascular diseases,0.00969396,0.006930944929,0.0124915815
r|Non-communicable diseases|Cardiovascular diseases|နှလုံးသွေးကြောကျဉ်းရောဂါ,Ischemic heart disease,နှလုံးသွေးကြောကျဉ်းရောဂါ,Non-communicable diseases,Cardiovascular diseases,0.03217735,0.02426529268,0.03910316571
r|Non-communicable diseases|Cardiovascular diseases|အချား  နှလုံးနှင့် သွေးကြော ရောဂါ ,Other cardiovascular and circulatory diseases,အချား  နှလုံးနှင့် သွေးကြော ရောဂါ ,Non-communicable diseases,Cardiovascular diseases,0.00812653,0.007003513794,0.009219377673
r|Non-communicable diseases|Cardiovascular diseases|Peripheral artery disease,Peripheral artery disease,,Non-communicable diseases,Cardiovascular diseases,0.00025684,0.0001364911277,0.0004645372753
r|Non-communicable diseases|Cardiovascular diseases|ရူမဲတစ်နှလုံးရောဂါ,Rheumatic heart disease,ရူမဲတစ်နှလုံးရောဂါ,Non-communicable diseases,Cardiovascular diseases,0.00444432,0.003478108525,0.005263236384
r|Non-communicable diseases|Chronic respiratory diseases|ပန်းနာ,Asthma,ပန်းနာ,Non-communicable diseases,Chronic respiratory diseases,0.02349224,0.02010430727,0.02693105953
r|Non-communicable diseases|Chronic respiratory diseases|အဆုတ် ပိတ်ဆို့ ရောဂါ,Chronic obstructive pulmonary disease,အဆုတ် ပိတ်ဆို့ ရောဂါ,Non-communicable diseases,Chronic respiratory diseases,0.02737531,0.0233025257,0.03153577397
r|Non-communicable diseases|Chronic respiratory diseases|Interstitial lung disease and pulmonary sarcoidosis,Interstitial lung disease and pulmonary sarcoidosis,,Non-communicable diseases,Chronic respiratory diseases,0.00056783,0.0003630175836,0.0008502571749
r|Non-communicable diseases|Chronic respiratory diseases|အချားအသက်ရှူလမ်းကြောင်းရောဂါ,Other chronic respiratory diseases,အချားအသက်ရှူလမ်းကြောင်းရောဂါ,Non-communicable diseases,Chronic respiratory diseases,0.00386428,0.002242863027,0.006579152521
r|Non-communicable diseases|Chronic respiratory diseases|Pneumoconiosis,Pneumoconiosis,,Non-communicable diseases,Chronic respiratory diseases,0.00039994,0.0003025427464,0.0005421151394
r|Non-communicable diseases|Cirrhosis and other chronic liver diseases|အရက်ကျောင့်ဖြစ်သော အသဲခြောက် ရောဂါ ,Cirrhosis and other chronic liver diseases due to alcohol use,အရက်ကျောင့်ဖြစ်သော အသဲခြောက် ရောဂါ ,Non-communicable diseases,Cirrhosis and other chronic liver diseases,0.01301203,0.007915590971,0.01884799743
r|Non-communicable diseases|Cirrhosis and other chronic liver diseases|အသည်းရောင် အသားဝါ ရောဂါ ဘီပိုး,Cirrhosis and other chronic liver diseases due to hepatitis B,အသည်းရောင် အသားဝါ ရောဂါ ဘီပိုး,Non-communicable diseases,Cirrhosis and other chronic liver diseases,0.01503022,0.009652892788,0.02080164485
r|Non-communicable diseases|Cirrhosis and other chronic liver diseases|အသည်းရောင် အသားဝါ ရောဂါ စီပိုး,Cirrhosis and other chronic liver diseases due to hepatitis C,အသည်းရောင် အသားဝါ ရောဂါ စီပိုး,Non-communicable diseases,Cirrhosis and other chronic liver diseases,0.00890697,0.005247651559,0.01244597265
r|Non-communicable diseases|Cirrhosis and other chronic liver diseases|အချားကျောင့်ဖြစ်သော အသဲခြောက် ရောဂါ ,Cirrhosis and other chronic liver diseases due to other causes,အချားကျောင့်ဖြစ်သော အသဲခြောက် ရောဂါ ,Non-communicable diseases,Cirrhosis and other chronic liver diseases,0.00848182,0.006116295352,0.01070865937
"r|Non-communicable diseases|Diabetes, urogenital, blood, and endocrine diseases|Acute glomerulonephritis",Acute glomerulonephritis,,Non-communicable diseases,"Diabetes, urogenital, blood, and endocrine diseases",0.00003327,0.00002747837683,0.00003985035859
"r|Non-communicable diseases|Diabetes, urogenital, blood, and endocrine diseases|ကျောက်ကပ်ရောဂါ ",Chronic kidney disease,ကျောက်ကပ်ရောဂါ ,Non-communicable diseases,"Diabetes, urogenital, blood, and endocrine diseases",0.01666894,0.012737155,0.02060362974
"r|Non-communicable diseases|Diabetes, urogenital, blood, and endocrine diseases|ဆီးချိုရောဂါ",Diabetes mellitus,ဆီးချိုရောဂါ,Non-communicable diseases,"Diabetes, urogenital, blood, and endocrine diseases",0.03461605,0.03022007791,0.03914957153
"r|Non-communicable diseases|Diabetes, urogenital, blood, and endocrine diseases|Endocrine, metabolic, blood, and immune disorders","Endocrine, metabolic, blood, and immune disorders",,Non-communicable diseases,"Diabetes, urogenital, blood, and endocrine diseases",0.00122589,0.001021955365,0.001499923478
"r|Non-communicable diseases|Diabetes, urogenital, blood, and endocrine diseases|မီးယပ်ဆိုင်ရာရောဂါ",Gynecological diseases,မီးယပ်ဆိုင်ရာရောဂါ,Non-communicable diseases,"Diabetes, urogenital, blood, and endocrine diseases",0.00402127,0.002645719688,0.005810207014
"r|Non-communicable diseases|Diabetes, urogenital, blood, and endocrine diseases|သွေးအားနည်းရောဂါ",Hemoglobinopathies and hemolytic anemias,သွေးအားနည်းရောဂါ,Non-communicable diseases,"Diabetes, urogenital, blood, and endocrine diseases",0.00697655,0.005486301156,0.008331814963
"r|Non-communicable diseases|Diabetes, urogenital, blood, and endocrine diseases|ဆီးလမ်းကြောင်းရောဂါ နှင့်ယောက်ျားများ မြုံခြင်း",Urinary diseases and male infertility,ဆီးလမ်းကြောင်းရောဂါ နှင့်ယောက်ျားများ မြုံခြင်း,Non-communicable diseases,"Diabetes, urogenital, blood, and endocrine diseases",0.00571888,0.004586530929,0.007096067802
r|Non-communicable diseases|Digestive diseases|Appendicitis,Appendicitis,,Non-communicable diseases,Digestive diseases,0.00101416,0.0007558780129,0.001302051254
r|Non-communicable diseases|Digestive diseases|Gallbladder and biliary diseases,Gallbladder and biliary diseases,,Non-communicable diseases,Digestive diseases,0.00128327,0.00101563936,0.00154535465
r|Non-communicable diseases|Digestive diseases|Gastritis and duodenitis,Gastritis and duodenitis,,Non-communicable diseases,Digestive diseases,0.00190833,0.001349065317,0.002756219646
r|Non-communicable diseases|Digestive diseases|Inflammatory bowel disease,Inflammatory bowel disease,,Non-communicable diseases,Digestive diseases,0.00102116,0.0007904851295,0.001283162193
"r|Non-communicable diseases|Digestive diseases|Inguinal, femoral, and abdominal hernia","Inguinal, femoral, and abdominal hernia",,Non-communicable diseases,Digestive diseases,0.00033495,0.0002261122846,0.0004863678709
r|Non-communicable diseases|Digestive diseases|အချားအစာခြေလမ်းကြောင်းစနစ်ရောဂါ,Other digestive diseases,အချားအစာခြေလမ်းကြောင်းစနစ်ရောဂါ,Non-communicable diseases,Digestive diseases,0.00206153,0.001457982348,0.002950381913
r|Non-communicable diseases|Digestive diseases|Pancreatitis,Pancreatitis,,Non-communicable diseases,Digestive diseases,0.00168331,0.001129436574,0.002298832893
r|Non-communicable diseases|Digestive diseases|Paralytic ileus and intestinal obstruction,Paralytic ileus and intestinal obstruction,,Non-communicable diseases,Digestive diseases,0.00188271,0.00125095543,0.002486839991
r|Non-communicable diseases|Digestive diseases|အစာအိမ်အနာရောဂါ,Peptic ulcer disease,အစာအိမ်အနာရောဂါ,Non-communicable diseases,Digestive diseases,0.00462105,0.003785232928,0.005740372622
r|Non-communicable diseases|Digestive diseases|Vascular intestinal disorders,Vascular intestinal disorders,,Non-communicable diseases,Digestive diseases,0.00033049,0.0002352157298,0.0004287255256
r|Non-communicable diseases|Mental and substance use disorders|အရက်စွဲခြင်း,Alcohol use disorders,အရက်စွဲခြင်း,Non-communicable diseases,Mental and substance use disorders,0.00625003,0.004725346414,0.007581068623
r|Non-communicable diseases|Mental and substance use disorders|စိုးရိမ်လွန်ခြင်း,Anxiety disorders,စိုးရိမ်လွန်ခြင်း,Non-communicable diseases,Mental and substance use disorders,0.00858504,0.005332632369,0.01256641177
r|Non-communicable diseases|Mental and substance use disorders|Attention-deficit/hyperactivity disorder,Attention-deficit/hyperactivity disorder,,Non-communicable diseases,Mental and substance use disorders,0.00019173,0.00009646789692,0.0003340359762
r|Non-communicable diseases|Mental and substance use disorders|အော်တစ်ဇင်,Autistic spectrum disorders,အော်တစ်ဇင်,Non-communicable diseases,Mental and substance use disorders,0.00385889,0.002551102622,0.005468217503
r|Non-communicable diseases|Mental and substance use disorders|ကြောက်စိတ်ရောဂါ,Bipolar disorder,ကြောက်စိတ်ရောဂါ,Non-communicable diseases,Mental and substance use disorders,0.00358768,0.002225161256,0.005705222204
r|Non-communicable diseases|Mental and substance use disorders|အကျင့်တရားဆိုင်ရာရောဂါ,Conduct disorder,အကျင့်တရားဆိုင်ရာရောဂါ,Non-communicable diseases,Mental and substance use disorders,0.00273548,0.00158097781,0.004238819656
r|Non-communicable diseases|Mental and substance use disorders|စိတ်ကျရောဂါ,Depressive disorders,စိတ်ကျရောဂါ,Non-communicable diseases,Mental and substance use disorders,0.01739945,0.01147671,0.02440881347
r|Non-communicable diseases|Mental and substance use disorders|မူးယစ်ဆေးအသုံးပြုခြင်း,Drug use disorders,မူးယစ်ဆေးအသုံးပြုခြင်း,Non-communicable diseases,Mental and substance use disorders,0.00349701,0.002760855255,0.004357127388
r|Non-communicable diseases|Mental and substance use disorders|Eating disorders,Eating disorders,,Non-communicable diseases,Mental and substance use disorders,0.00034443,0.0002260705138,0.0004858321821
r|Non-communicable diseases|Mental and substance use disorders|Idiopathic developmental intellectual disability,Idiopathic developmental intellectual disability,,Non-communicable diseases,Mental and substance use disorders,0.00139095,0.0006226307191,0.002409649006
r|Non-communicable diseases|Mental and substance use disorders|အချားစိတ်ရောဂါ,Other mental and substance use disorders,အချားစိတ်ရောဂါ,Non-communicable diseases,Mental and substance use disorders,0.00361645,0.002425173746,0.005029751519
r|Non-communicable diseases|Mental and substance use disorders|စိတ်ကစဉ့်ကလျားရောဂါ,Schizophrenia,စိတ်ကစဉ့်ကလျားရောဂါ,Non-communicable diseases,Mental and substance use disorders,0.00597890,0.004190207088,0.008252773961
r|Non-communicable diseases|Musculoskeletal disorders|Gout,Gout,,Non-communicable diseases,Musculoskeletal disorders,0.00047196,0.0003121000829,0.0006675891925
r|Non-communicable diseases|Musculoskeletal disorders|ကျောနှင့် လည်ပင်း နာခြင်း,Low back and neck pain,ကျောနှင့် လည်ပင်း နာခြင်း,Non-communicable diseases,Musculoskeletal disorders,0.02847532,0.01951537222,0.03962871875
r|Non-communicable diseases|Musculoskeletal disorders|အဆစ်အမြစ်ရောင် ရောဂါ,Osteoarthritis,အဆစ်အမြစ်ရောင် ရောဂါ,Non-communicable diseases,Musculoskeletal disorders,0.00354284,0.002376253834,0.004917595572
r|Non-communicable diseases|Musculoskeletal disorders|အချား ကြွက်သား နှင့် အရိုးရောဂါ,Other musculoskeletal disorders,အချား ကြွက်သား နှင့် အရိုးရောဂါ,Non-communicable diseases,Musculoskeletal disorders,0.01499976,0.0103340804,0.0211996941
r|Non-communicable diseases|Musculoskeletal disorders|Rheumatoid arthritis,Rheumatoid arthritis,,Non-communicable diseases,Musculoskeletal disorders,0.00147873,0.001019418151,0.001982597423
r|Non-communicable diseases|Neoplasms|Bladder cancer,Bladder cancer,,Non-communicable diseases,Neoplasms,0.00113283,0.0008618008443,0.001401487934
r|Non-communicable diseases|Neoplasms|ဦးနှောက်ကင်ဆာ,Brain and nervous system cancer,ဦးနှောက်ကင်ဆာ,Non-communicable diseases,Neoplasms,0.00305399,0.002271301225,0.003996503964
r|Non-communicable diseases|Neoplasms|ရင်သားကင်ဆာ,Breast cancer,ရင်သားကင်ဆာ,Non-communicable diseases,Neoplasms,0.01452889,0.009609851002,0.02338328925
r|Non-communicable diseases|Neoplasms|သားအိမ်ခေါင်းကင်ဆာ,Cervical cancer,သားအိမ်ခေါင်းကင်ဆာ,Non-communicable diseases,Neoplasms,0.00846661,0.004719283233,0.01200174101
r|Non-communicable diseases|Neoplasms|အူမကြီးကင်ဆာ,Colon and rectum cancer,အူမကြီးကင်ဆာ,Non-communicable diseases,Neoplasms,0.00783856,0.005402596339,0.01047259381
r|Non-communicable diseases|Neoplasms|Esophageal cancer,Esophageal cancer,,Non-communicable diseases,Neoplasms,0.00161478,0.001094248115,0.002127092
r|Non-communicable diseases|Neoplasms|Gallbladder and biliary tract cancer,Gallbladder and biliary tract cancer,,Non-communicable diseases,Neoplasms,0.00137225,0.0007848276658,0.001929601769
r|Non-communicable diseases|Neoplasms|Hodgkin lymphoma,Hodgkin lymphoma,,Non-communicable diseases,Neoplasms,0.00067957,0.0004615556771,0.001036586263
r|Non-communicable diseases|Neoplasms|Kidney cancer,Kidney cancer,,Non-communicable diseases,Neoplasms,0.00118980,0.0009009855199,0.001464817404
r|Non-communicable diseases|Neoplasms|Larynx cancer,Larynx cancer,,Non-communicable diseases,Neoplasms,0.00109154,0.0007932957332,0.001382527172
r|Non-communicable diseases|Neoplasms|လူကီးမီးယား,Leukemia,လူကီးမီးယား,Non-communicable diseases,Neoplasms,0.00831929,0.006463039487,0.0102857526
r|Non-communicable diseases|Neoplasms|ခံတွင်း ကင်ဆာ,Lip and oral cavity cancer,ခံတွင်း ကင်ဆာ,Non-communicable diseases,Neoplasms,0.00250079,0.001847327032,0.003125413013
r|Non-communicable diseases|Neoplasms|အသဲကင်ဆာ,Liver cancer,အသဲကင်ဆာ,Non-communicable diseases,Neoplasms,0.00694298,0.004804663779,0.009165496573
r|Non-communicable diseases|Neoplasms|Malignant skin melanoma,Malignant skin melanoma,,Non-communicable diseases,Neoplasms,0.00035830,0.0002565429594,0.0004933255923
r|Non-communicable diseases|Neoplasms|Mesothelioma,Mesothelioma,,Non-communicable diseases,Neoplasms,0.00029094,0.0001978122275,0.0003964787906
r|Non-communicable diseases|Neoplasms|Multiple myeloma,Multiple myeloma,,Non-communicable diseases,Neoplasms,0.00070787,0.0004929775998,0.0009477375319
r|Non-communicable diseases|Neoplasms|Nasopharynx cancer,Nasopharynx cancer,,Non-communicable diseases,Neoplasms,0.00154910,0.00109505692,0.002122061468
r|Non-communicable diseases|Neoplasms|ဟော့ဂျ်ကင်း မဟုတ်သော လင်ဖိုးမား,Non-Hodgkin lymphoma,ဟော့ဂျ်ကင်း မဟုတ်သော လင်ဖိုးမား,Non-communicable diseases,Neoplasms,0.00304775,0.002240085508,0.004295217704
r|Non-communicable diseases|Neoplasms|Non-melanoma skin cancer,Non-melanoma skin cancer,,Non-communicable diseases,Neoplasms,0.00070185,0.0005180673607,0.0008681608431
r|Non-communicable diseases|Neoplasms|အချားအကျိတ်,Other neoplasms,အချားအကျိတ်,Non-communicable diseases,Neoplasms,0.00624749,0.004701363712,0.007846990985
r|Non-communicable diseases|Neoplasms|Other pharynx cancer,Other pharynx cancer,,Non-communicable diseases,Neoplasms,0.00086814,0.0005934992519,0.001148419001
r|Non-communicable diseases|Neoplasms|အိုဘရီကင်ဆာ,Ovarian cancer,အိုဘရီကင်ဆာ,Non-communicable diseases,Neoplasms,0.00347875,0.00235415461,0.005199820686
r|Non-communicable diseases|Neoplasms|ပန်ကရိယကင်ဆာ,Pancreatic cancer,ပန်ကရိယကင်ဆာ,Non-communicable diseases,Neoplasms,0.00317770,0.002325075578,0.004019860302
r|Non-communicable diseases|Neoplasms|Prostate cancer,Prostate cancer,,Non-communicable diseases,Neoplasms,0.00155478,0.00111491794,0.001979943715
r|Non-communicable diseases|Neoplasms|အစာအိမ်ကင်ဆာ,Stomach cancer,အစာအိမ်ကင်ဆာ,Non-communicable diseases,Neoplasms,0.00771244,0.005480179322,0.01027167832
r|Non-communicable diseases|Neoplasms|Testicular cancer,Testicular cancer,,Non-communicable diseases,Neoplasms,0.00016182,0.0001040826029,0.0002212811591
r|Non-communicable diseases|Neoplasms|Thyroid cancer,Thyroid cancer,,Non-communicable diseases,Neoplasms,0.00073033,0.0005070927049,0.001039290825
r|Non-communicable diseases|Neoplasms|အဆုတ်ကင်ဆာ ,"Tracheal, bronchus, and lung cancer",အဆုတ်ကင်ဆာ ,Non-communicable diseases,Neoplasms,0.01734847,0.01270217369,0.02148693551
r|Non-communicable diseases|Neoplasms|သားအိမ်ကင်ဆာ,Uterine cancer,သားအိမ်ကင်ဆာ,Non-communicable diseases,Neoplasms,0.00204270,0.001369730218,0.002870326379
r|Non-communicable diseases|Neurological disorders|အယ်လ်ဇိုင်းမားရောဂါ,Alzheimer disease and other dementias,အယ်လ်ဇိုင်းမားရောဂါ,Non-communicable diseases,Neurological disorders,0.00804059,0.006692584042,0.009589692717
r|Non-communicable diseases|Neurological disorders|အတတ်ရောဂါ,Epilepsy,အတတ်ရောဂါ,Non-communicable diseases,Neurological disorders,0.00585411,0.004812383612,0.007036304893
r|Non-communicable diseases|Neurological disorders|ဆေးသုံးစွဲလွန်၍ကောင်းကိုက်ခြင်း,Medication overuse headache,ဆေးသုံးစွဲလွန်၍ကောင်းကိုက်ခြင်း,Non-communicable diseases,Neurological disorders,0.00231977,0.001475064094,0.0033977311
r|Non-communicable diseases|Neurological disorders|ခေါင်းကိုက်-ခေါင်းမူးရောဂါ,Migraine,ခေါင်းကိုက်-ခေါင်းမူးရောဂါ,Non-communicable diseases,Neurological disorders,0.01191564,0.007146920238,0.01808709653
r|Non-communicable diseases|Neurological disorders|Motor neuron disease,Motor neuron disease,,Non-communicable diseases,Neurological disorders,0.00021525,0.0001584148117,0.0002991050574
r|Non-communicable diseases|Neurological disorders|Multiple sclerosis,Multiple sclerosis,,Non-communicable diseases,Neurological disorders,0.00029617,0.0002367667646,0.000398855189
r|Non-communicable diseases|Neurological disorders|Other neurological disorders,Other neurological disorders,,Non-communicable diseases,Neurological disorders,0.00097755,0.0007493794262,0.001230814083
r|Non-communicable diseases|Neurological disorders|Parkinson disease,Parkinson disease,,Non-communicable diseases,Neurological disorders,0.00046284,0.0004034156942,0.0005295824231
r|Non-communicable diseases|Neurological disorders|Tension-type headache,Tension-type headache,,Non-communicable diseases,Neurological disorders,0.00107254,0.0004921120601,0.001890056016
r|Non-communicable diseases|Other non-communicable diseases|မွေးရာပါ  ချွတ်ယွင်းချက်,Congenital birth defects,မွေးရာပါ  ချွတ်ယွင်းချက်,Non-communicable diseases,Other non-communicable diseases,0.02380028,0.01652112073,0.03243044754
r|Non-communicable diseases|Other non-communicable diseases|ခံတွင်းရောဂါ,Oral disorders,ခံတွင်းရောဂါ,Non-communicable diseases,Other non-communicable diseases,0.00417204,0.002526964136,0.006688099561
r|Non-communicable diseases|Other non-communicable diseases|အာရုံခံစားမှု ကိုယ်အင်္ဂါ အစိတ်အပိုင်း ရောဂါ,Sense organ diseases,အာရုံခံစားမှု ကိုယ်အင်္ဂါ အစိတ်အပိုင်း ရောဂါ,Non-communicable diseases,Other non-communicable diseases,0.03126376,0.02124645942,0.0433358148
r|Non-communicable diseases|Other non-communicable diseases|အရေပြား နှင့် အရေပြားအောက် ရောဂါ များ,Skin and subcutaneous diseases,အရေပြား နှင့် အရေပြားအောက် ရောဂါ များ,Non-communicable diseases,Other non-communicable diseases,0.02112962,0.013911336,0.0316340714
r|Non-communicable diseases|Other non-communicable diseases|Sudden infant death syndrome,Sudden infant death syndrome,,Non-communicable diseases,Other non-communicable diseases,0.00044546,0.0001777848493,0.0008928098372
"r|Communicable, maternal, neonatal, and nutritional diseases",,,,,,,
r|Injuries,,,,,,,
r|Non-communicable diseases,,,,,,,
"r|Communicable, maternal, neonatal, and nutritional diseases|Diarrhea, lower respiratory, and other common infectious diseases",,,,,,,
"r|Communicable, maternal, neonatal, and nutritional diseases|HIV/AIDS and tuberculosis",,,,,,,
"r|Communicable, maternal, neonatal, and nutritional diseases|Maternal disorders",,,,,,,
"r|Communicable, maternal, neonatal, and nutritional diseases|Neglected tropical diseases and malaria",,,,,,,
"r|Communicable, maternal, neonatal, and nutritional diseases|Neonatal disorders",,,,,,,
"r|Communicable, maternal, neonatal, and nutritional diseases|Nutritional deficiencies",,,,,,,
"r|Communicable, maternal, neonatal, and nutritional diseases|Other communicable, maternal, neonatal, and nutritional diseases",,,,,,,
"r|Injuries|Forces of nature, war, and legal intervention",,,,,,,
r|Injuries|Self-harm and interpersonal violence,,,,,,,
r|Injuries|Transport injuries,,,,,,,
r|Injuries|Unintentional injuries,,,,,,,
r|Non-communicable diseases|Cardiovascular diseases,,,,,,,
r|Non-communicable diseases|Chronic respiratory diseases,,,,,,,
r|Non-communicable diseases|Cirrhosis and other chronic liver diseases,,,,,,,
"r|Non-communicable diseases|Diabetes, urogenital, blood, and endocrine diseases",,,,,,,
r|Non-communicable diseases|Digestive diseases,,,,,,,
r|Non-communicable diseases|Mental and substance use disorders,,,,,,,
r|Non-communicable diseases|Musculoskeletal disorders,,,,,,,
r|Non-communicable diseases|Neoplasms,,,,,,,
r|Non-communicable diseases|Neurological disorders,,,,,,,
r|Non-communicable diseases|Other non-communicable diseases,,,,,,,
r,,,,,,,